{
  "phrase": "hey-ozwell",
  "total_samples": 8550,
  "accuracy": 0.7660818713450293,
  "precision": 1.0,
  "recall": 0.7660818713450293,
  "f1_score": 0.8675496688741722,
  "avg_confidence": 